{
  "version": 2,
  "settings": {
    "appearanceTools": true,
    "spacing": {
      "blockGap": true,
      "margin": true,
      "padding": true,
      "units": [
        "%",
        "px",
        "em",
        "rem"
      ]
    },
    "layout": {
      "contentSize": "760px",
      "wideSize": "1160px",
      "fullSize": "none"
    },
    "typography": {
      "writingMode": true,
      "defaultFontSizes": false,
      "fluid": false,
      "fontSizes": [
        {
          "name": "Small",
          "size": "13px",
          "slug": "small"
        },
        {
          "name": "Medium",
          "size": "16px",
          "slug": "medium"
        },
        {
          "name": "Large",
          "size": "20px",
          "slug": "large"
        },
        {
          "name": "X-Large",
          "size": "24px",
          "slug": "x-large"
        },
        {
          "name": "XX-Large",
          "size": "30px",
          "slug": "xx-large"
        },
        {
          "name": "Huge",
          "size": "36px",
          "slug": "huge"
        }
      ],
      "fontFamilies": [
        {
          "name": "IBMPlexSerif",
          "slug": "ibm-plex-serif",
          "fontFamily": "IBM Plex Serif, sans-serif",
          "fontFace": [
            {
              "src": [
                "file:./assets/fonts/IBMPlexSerif-Regular.woff2"
              ],
              "fontWeight": "400",
              "fontStyle": "normal",
              "fontFamily": "IBMPlexSerif"
            },
            {
              "src": [
                "file:./assets/fonts/IBMPlexSerif-Bold.woff2"
              ],
              "fontWeight": "700",
              "fontStyle": "normal",
              "fontFamily": "IBMPlexSerif"
            },
            {
              "src": [
                "file:./assets/fonts/IBMPlexSerif-SemiBold.woff2"
              ],
              "fontWeight": "600",
              "fontStyle": "normal",
              "fontFamily": "IBMPlexSerif"
            }
          ]
        },
        {
          "name": "Inter",
          "slug": "inter",
          "fontFamily": "Inter, sans-serif",
          "fontFace": [
            {
              "src": [
                "file:./assets/fonts/Inter-Regular.woff2"
              ],
              "fontWeight": "400",
              "fontStyle": "normal",
              "fontFamily": "Inter"
            }
          ]
        }
      ]
    },
    "color": {
      "defaultPalette": false
    }
  }
}
