{
    "version": 1,
    "settings": {
        "appearanceTools": true,
        "spacing": {
            "blockGap": true,
            "margin": true,
            "padding": true
        },
        "align": {
            "wide": true,
            "full": true
        },
        "layout": {
            "contentSize": "800px",
            "wideSize": "1200px"
        }
    },
    "styles": {
        "blocks": {
            "core/image": {
                "elements": {
                    "figure": {
                        "maxWidth": "100%",
                        "marginLeft": "auto",
                        "marginRight": "auto"
                    }
                }
            },
            "core/button": {
                "border": {
                    "radius": "0"
                }
            }
        },
        "elements": {
            "link": {
                "typography": {
                    "textDecoration": "none"
                }
            },
            "button": {
                "border": {
                    "radius": "0"
                }
            }
        }
    }
}